10|Stefan|Stefanovic|stefa|stefa1|doctor|cardiologist
11|Danilo|Danilovic|danilo|danilo1|patient|True
12|Marko|Markovic|marko|marko1|patient|True
13|Luka|Svetic|luka|luka1|doctor|family medicine
14|Petar|Peric|petar|petar1|admin|False
15|Ana|Anic|ana|ana1|nurse|False
16|Nikola|Nikolic|nikola|nikola1|patient|True
17|Mila|Milic|mila|mila1|patient|False
18|Adam|Aleksic|adam|adam1|doctor|surgeon